QPS_target,Ops_per_sec,Misses,P50_ms,P90_ms,P95_ms,P99_ms,Power_W
300000,300027.79,,0.00541,0.007809999999999999,0.00845,0.01024,6.721785714285715
