Rate,QPS,Avg_Latency,P90_Latency,P99_Latency,Power,StdDev,Util
50000,49981.7,85.2,102.9,185.8,22.926800000000004,0.04088011342290265,7.703999999999979
