Rate,QPS,Avg_Latency,P90_Latency,P99_Latency,Power,StdDev,Util
50000,50039.7,84.7,101.6,184.2,22.7328,0.07642630170194505,7.181999999999988
