QPS_target,Ops_per_sec,Misses,P50_ms,P90_ms,P95_ms,P99_ms,Power_W
300000,300040.63,,0.0029,0.00554,0.00608,0.0074199999999999995,0.0095
