Rate,QPS,Avg_Latency,P90_Latency,P99_Latency,Power,StdDev,Util,Misses
300000,300048.82,4673.691373502248,7230.0,9660.0,11.782,0.15589740215924047,0.006000000000000227,
