QPS_target,Ops_per_sec,Misses,P50_ms,P90_ms,P95_ms,P99_ms,Power_W
300000,299929.48000000004,,0.00387,0.00739,0.008320000000000001,0.009980000000000001,0.008333333333333333
