QPS_target,Ops_per_sec,Misses,P50_ms,P90_ms,P95_ms,P99_ms,Power_W
300000,300030.13999999996,,0.0044800000000000005,0.00726,0.00771,0.01043,0.008823529411764706
