Rate,QPS,Avg_Latency,P90_Latency,P99_Latency,Power,StdDev,Util,Misses
300000,300041.75,4.734803791236252,7.26,9.73,11.783399999999999,0.14857469501903747,0.0020000000000095497,
