QPS_target,Ops_per_sec,Misses,P50_ms,P90_ms,P95_ms,P99_ms,Power_W
300000,300031.07999999996,,0.0037400000000000003,0.0070999999999999995,0.00774,0.0096,0.009473684210526315
